,Metric,Value
0,Return,0.03164116711267387
1,Sharpe,0.3058816355800024
2,DD,-0.2522423201988298
3,Vol,0.10344251969451176
