,Metric,Value
0,Return,0.03097142145398482
1,Sharpe,0.29934804386492825
2,DD,-0.2526055754017474
3,Vol,0.10346291578895281
