,Metric,Value
0,Ann. Return,-0.06543673427146192
1,Sharpe,-0.1717903027215722
2,Max DD,-0.836825773457421
3,Volatility,0.38091052425420074
