,Metric,Value
0,Ann. Return,0.08966173348939205
1,Sharpe,0.6158769749495483
2,Max DD,-0.3580332673257475
3,Volatility,0.14558383757849852
