,Metric,Value
0,Ann. Return,0.08979962648193703
1,Sharpe,0.6171421917150848
2,Max DD,-0.35941077167010194
3,Volatility,0.14550881091499687
