,Metric,Value
0,Ann. Return,0.11670934807045454
1,Sharpe,0.7649276705364192
2,Max DD,-0.20949855750804788
3,Volatility,0.15257566508034678
