,Metric,Value
0,Ann. Return,0.048792997944372626
1,Sharpe,0.5677146650875609
2,Max DD,-0.1505514148612635
3,Volatility,0.08594634055621427
